BI-Vital CA7F, STM_FW 2.0-23-g1ecdf25, NRF_FW 2.0, Config #437356607, Start Time 1970-01-01 00:00:09, Uptime 00:00:09, Global Update intervall 5 ms
Updatinterval [ms], 5, 100
Time [s], Heartrate [bpm], Button-press []
   0.000,   0, very long     
   8.400,  14,          
   9.075,  75,          
   9.705,  84,          
  10.415,  88,          
  11.085,  86,          
  11.735,  88,          
  12.365,  88,          
  13.020,  91,          
  13.750,  91,          
  14.820,  91,          
  15.760,  91,          
  16.685,  83,          
  17.585,  66,          
  18.485,  64,          
  19.370,  64,          
  20.200,  65,          
  21.015,  66,          
  21.870,  66,          
  22.745,  69,          
  23.650,  69,          
  24.590,  69,          
  25.535,  68,          
  26.420,  66,          
  27.285,  66,          
  28.160,  66,          
  29.025,  66,          
  29.875,  67,          
  30.715,  68,          
  31.535,  68,          
  32.400,  69,          
  33.260,  69,          
  34.110,  69,          
  34.990,  69,          
  35.845,  69,          
  36.685,  69,          
  37.555,  69,          
  38.395,  69,          
  39.265,  69,          
  40.130,  69,          
  41.000,  69,          
  41.905,  69,          
  42.800,  69,          
  43.675,  69,          
  44.575,  68,          
  45.435,  66,          
  46.300,  66,          
  47.170,  67,          
  48.045,  68,          
  48.940,  68,          
  49.830,  68,          
  50.655,  68,          
  51.480,  68,          
  52.275,  68,          
  53.025,  71,          
  53.765,  71,          
  54.520,  74,          
  55.245,  78,          
  55.935,  78,          
  56.605,  80,          
  57.330,  81,          
  58.100,  81,          
  58.930,  81,          
  59.775,  81,          
  60.625,  78,          
  61.455,  72,          
  62.240,  72,          
  63.005,  72,          
  63.795,  72,          
  64.575,  75,          
  65.350,  75,          
  66.185,  75,          
  67.050,  75,          
  67.870,  75,          
  68.680,  73,          
  69.485,  73,          
  70.230,  73,          
  70.935,  73,          
  71.615,  73,          
  72.320,  78,          
  73.120,  83,          
  73.955,  83,          
  74.870,  83,          
  75.785,  76,          
  76.655,  71,          
  77.550,  68,          
  78.425,  67,          
  79.250,  67,          
  80.050,  67,          
  80.850,  67,          
  81.660,  72,          
  82.495,  73,          
  83.385,  73,          
  84.270,  73,          
  85.150,  71,          
  86.030,  68,          
  86.865,  68,          
  87.670,  68,          
  88.465,  68,          
  89.255,  71,          
  90.055,  73,          
  90.895,  74,          
  91.795,  74,          
  92.655,  74,          
  93.510,  71,          
  94.355,  70,          
  95.190,  70,          
  95.960,  70,          
  96.745,  70,          
  97.555,  71,          
  98.355,  73,          
  99.135,  74,          
  99.915,  75,          
 100.760,  75,          
 101.630,  75,          
 102.510,  75,          
 103.390,  71,          
 104.260,  68,          
 105.065,  68,          
 105.840,  68,          
 106.600,  68,          
 107.370,  73,          
 108.140,  76,          
 108.935,  77,          
 109.750,  77,          
 110.545,  77,          
 111.320,  75,          
 112.090,  75,          
 112.870,  75,          
 113.620,  75,          
 114.360,  76,          
 115.095,  77,          
 115.840,  79,          
 116.570,  79,          
 117.300,  80,          
 118.035,  80,          
 118.780,  80,          
 119.495,  80,          
 120.205,  81,          
 120.915,  81,          
 121.635,  83,          
 122.340,  83,          
 123.035,  83,          
 123.750,  83,          
 124.465,  83,          
 125.170,  83,          
 125.895,  83,          
 126.600,  83,          
 127.325,  83,          
 128.065,  83,          
 128.805,  83,          
 129.550,  82,          
 130.315,  81,          
 131.085,  81,          
 131.855,  80,          
 132.650,  78,          
 133.480,  78,          
 134.275,  77,          
 135.025,  75,          
 135.760,  75,          
 136.475,  75,          
 137.205,  79,          
 137.960,  80,          
 138.700,  80,          
 139.410,  80,          
 140.110,  81,          
 140.810,  81,          
 141.495,  83,          
 142.195,  84,          
 142.940,  84,          
 143.685,  84,          
 144.470,  84,          
 145.295,  80,          
 146.155,  80,          
 146.975,  76,          
 147.745,  73,          
 148.505,  73,          
 149.245,  73,          
 149.975,  76,          
 150.720,  78,          
 151.485,  79,          
 152.260,  79,          
 153.055,  79,          
 153.850,  78,          
 154.635,  77,          
 155.380,  76,          
 156.110,  76,          
 156.845,  76,          
 157.560,  79,          
 158.305,  81,          
 159.015,  81,          
 159.735,  81,          
 160.490,  82,          
 161.235,  82,          
 161.960,  80,          
 162.660,  82,          
 163.350,  82,          
 164.035,  82,          
 164.765,  84,          
 165.545,  84,          
 166.330,  84,          
 167.130,  82,          
 167.930,  76,          
 168.720,  76,          
 169.495,  75,          
 170.250,  75,          
 171.005,  75,          
 171.730,  76,          
 172.495,  78,          
 173.305,  78,          
 174.190,  78,          
 175.055,  78,          
 175.890,  73,          
 176.735,  72,          
 177.560,  71,          
 178.365,  71,          
 179.170,  71,          
 179.940,  71,          
 180.670,  73,          
 181.420,  73,          
 182.200,  77,          
 182.970,  77,          
 183.745,  77,          
 184.500,  77,          
 185.250,  77,          
 186.010,  77,          
 186.775,  78,          
 187.580,  78,          
 188.430,  78,          
 189.260,  78,          
 190.075,  74,          
 190.900,  73,          
 191.740,  72,          
 192.530,  72,          
 193.300,  72,          
 194.070,  72,          
 194.815,  75,          
 195.575,  76,          
 196.360,  77,          
 197.135,  77,          
 197.910,  77,          
 198.685,  77,          
 199.465,  77,          
 200.225,  77,          
 200.970,  77,          
 201.710,  77,          
 202.470,  77,          
 203.235,  78,          
 203.985,  78,          
 204.725,  79,          
 205.465,  79,          
 206.205,  79,          
 206.920,  79,          
 207.630,  80,          
 208.350,  80,          
 209.115,  81,          
 209.920,  81,          
 210.730,  81,          
 211.555,  78,          
 212.385,  74,          
 213.165,  74,          
 213.945,  74,          
 214.690,  74,          
 215.400,  76,          
 216.095,  76,          
 216.780,  79,          
 217.460,  83,          
 218.160,  85,          
 218.880,  85,          
 219.625,  85,          
 220.420,  85,          
 221.250,  83,          
 222.070,  80,          
 222.870,  75,          
 223.620,  75,          
 224.355,  75,          
 225.105,  75,          
 225.845,  79,          
 226.565,  79,          
 227.310,  80,          
 228.060,  80,          
 228.810,  80,          
 229.550,  80,          
 230.320,  80,          
 231.120,  80,          
 231.920,  79,          
 232.720,  78,          
 233.530,  75,          
 234.315,  75,          
 235.060,  75,          
 235.775,  75,          
 236.470,  75,          
 237.135,  79,          
 237.795,  83,          
 238.465,  85,          
 239.165,  88,          
 239.940,  88,          
 240.740,  88,          
 241.565,  86,          
 242.375,  78,          
 243.190,  74,          
 243.950,  74,          
 244.690,  74,          
 245.420,  74,          
 246.130,  77,          
 246.815,  80,          
 247.480,  81,          
 248.135,  83,          
 248.790,  87,          
 249.470,  89,          
 250.190,  89,          
 250.945,  89,          
 251.705,  88,          
 252.445,  83,          
 253.185,  80,          
 253.930,  80,          
 254.685,  80,          
 255.445,  80,          
 256.190,  80,          
 256.935,  80,          
 257.720,  80,          
 258.550,  79,          
 259.360,  78,          
 260.195,  76,          
 261.025,  74,          
 261.850,  72,          
 262.665,  72,          
 263.435,  72,          
 264.225,  72,          
 265.020,  72,          
 265.790,  74,          
 266.550,  75,          
 267.290,  76,          
 268.030,  76,          
 268.740,  78,          
 269.455,  79,          
 270.175,  80,          
 270.880,  82,          
 271.575,  82,          
 272.305,  83,          
 273.080,  83,          
 273.850,  83,          
 274.620,  82,          
 275.390,  78,          
 276.140,  77,          
 276.885,  77,          
 277.665,  77,          
 278.435,  77,          
 279.180,  77,          
 279.920,  79,          
 280.655,  79,          
 281.390,  79,          
 282.125,  80,          
 282.885,  80,          
 283.680,  80,          
 284.500,  80,          
 285.330,  79,          
 286.125,  75,          
 286.920,  75,          
 287.705,  75,          
 288.480,  75,          
 289.245,  75,          
 290.030,  75,          
 290.825,  75,          
 291.600,  75,          
 292.355,  76,          
 293.105,  76,          
 293.890,  76,          
 294.655,  76,          
 295.450,  77,          
 296.235,  77,          
 297.010,  76,          
 297.780,  76,          
 298.520,  76,          
 299.270,  76,          
 300.010,  77,          
 300.730,  79,          
 301.440,  79,          
 302.160,  80,          
 302.855,  82,          
 303.520,  82,          
 304.160,  83,     short
 304.800,  85,          
 305.440,  89,          
 306.090,  92,          
 306.765,  92,          
 307.465,  92,          
 308.190,  92,          
 308.920,  89,          
 309.625,  86,          
 310.325,  84,          
 311.015,  84,          
 311.710,  84,          
 312.415,  84,      long
 313.145,  84,          
 313.865,  84,          
 314.605,  84,          